"survey_dt_gmt","polyid","glacier_name","counting_method","num_seals","off_image_count","standard_error","stockid","stockname","survey_date"
2002-08-10 18:30:00,"BE49","Endicott Arm","Oblique visual count",250,NA,NA,9,"Lynn Canal/Stephens Passage",2002-08-10
2002-08-15 22:03:00,"BE49","Endicott Arm","AeroMap",173,NA,NA,9,"Lynn Canal/Stephens Passage",2002-08-15
2002-08-16 20:44:00,"BE49","Endicott Arm","AeroMap",356,NA,NA,9,"Lynn Canal/Stephens Passage",2002-08-16
2002-09-03 21:40:00,"BE49","Endicott Arm","AeroMap",470,NA,NA,9,"Lynn Canal/Stephens Passage",2002-09-03
2007-08-19 21:19:00,"BE49","Endicott Arm","LATTE",150.619,NA,60.61938,9,"Lynn Canal/Stephens Passage",2007-08-19
2007-08-20 21:10:00,"BE49","Endicott Arm","LATTE",7.675,NA,5.990288,9,"Lynn Canal/Stephens Passage",2007-08-20
2007-08-21 20:35:00,"BE49","Endicott Arm","LATTE",34.525,NA,21.37326,9,"Lynn Canal/Stephens Passage",2007-08-21
2008-08-14 22:50:00,"BE49","Endicott Arm","LATTE",6.669,NA,3.68365,9,"Lynn Canal/Stephens Passage",2008-08-14
2009-08-05 23:16:00,"BE49","Endicott Arm","LATTE",50.394,NA,14.03586,9,"Lynn Canal/Stephens Passage",2009-08-05
2010-08-22 22:25:00,"BE49","Endicott Arm","MOSAIC",242,NA,NA,9,"Lynn Canal/Stephens Passage",2010-08-22
2011-07-28 00:06:00,"BE49","Endicott Arm","MOSAIC",0,NA,NA,9,"Lynn Canal/Stephens Passage",2011-07-27
2011-07-28 23:14:00,"BE49","Endicott Arm","MOSAIC",42,NA,NA,9,"Lynn Canal/Stephens Passage",2011-07-28
2013-08-15 22:51:00,"BE49","Endicott Arm","MOSAIC",119,1,NA,9,"Lynn Canal/Stephens Passage",2013-08-15
2013-08-17 01:00:00,"BE49","Endicott Arm","MOSAIC",88,NA,NA,9,"Lynn Canal/Stephens Passage",2013-08-16
2015-08-13 23:13:00,"BE49","Endicott Arm","MOSAIC",119,NA,NA,9,"Lynn Canal/Stephens Passage",2015-08-13
2015-08-15 22:26:00,"BE49","Endicott Arm","MOSAIC",23,33,NA,9,"Lynn Canal/Stephens Passage",2015-08-15
1998-08-19 16:39:00,"BE55","LeConte Bay","Oblique visual count",300,NA,NA,12,"Clarence Strait",1998-08-19
1998-08-20 17:07:00,"BE55","LeConte Bay","Oblique visual count",450,NA,NA,12,"Clarence Strait",1998-08-20
1998-08-21 15:50:00,"BE55","LeConte Bay","Oblique visual count",440,NA,NA,12,"Clarence Strait",1998-08-21
1998-08-23 21:15:00,"BE55","LeConte Bay","Oblique visual count",1085,NA,NA,12,"Clarence Strait",1998-08-23
1998-08-24 19:33:00,"BE55","LeConte Bay","Oblique visual count",270,NA,NA,12,"Clarence Strait",1998-08-24
1998-08-26 00:04:00,"BE55","LeConte Bay","Oblique visual count",508,NA,NA,12,"Clarence Strait",1998-08-26
1998-08-26 16:03:00,"BE55","LeConte Bay","Oblique visual count",368,NA,NA,12,"Clarence Strait",1998-08-26
2002-08-15 22:28:00,"BE55","LeConte Bay","AeroMap",1600,NA,NA,12,"Clarence Strait",2002-08-15
2002-09-03 22:02:00,"BE55","LeConte Bay","AeroMap",1904,NA,NA,12,"Clarence Strait",2002-09-03
2007-08-19 22:30:00,"BE55","LeConte Bay","LATTE",2451.865,NA,174.2997,12,"Clarence Strait",2007-08-19
2007-08-20 22:30:00,"BE55","LeConte Bay","LATTE",2208.775,NA,255.4647,12,"Clarence Strait",2007-08-20
2007-08-21 21:34:00,"BE55","LeConte Bay","LATTE",1469.267,NA,121.5777,12,"Clarence Strait",2007-08-21
2008-08-14 20:11:00,"BE55","LeConte Bay","LATTE",1323.591,NA,398.2371,12,"Clarence Strait",2008-08-14
2008-08-15 20:47:00,"BE55","LeConte Bay","LATTE",1328.571,NA,1516.597,12,"Clarence Strait",2008-08-15
2009-08-06 22:17:00,"BE55","LeConte Bay","LATTE",1022.97,NA,362.2558,12,"Clarence Strait",2009-08-06
2010-08-22 21:00:00,"BE55","LeConte Bay","MOSAIC",2000,NA,NA,12,"Clarence Strait",2010-08-22
2011-07-29 22:46:00,"BE55","LeConte Bay","MOSAIC",692,NA,NA,12,"Clarence Strait",2011-07-29
2011-07-30 22:24:00,"BE55","LeConte Bay","MOSAIC",328,NA,NA,12,"Clarence Strait",2011-07-30
2013-08-16 23:43:00,"BE55","LeConte Bay","MOSAIC",620,NA,NA,12,"Clarence Strait",2013-08-16
2015-08-13 23:01:00,"BE55","LeConte Bay","MOSAIC",366,69,NA,12,"Clarence Strait",2015-08-13
2015-08-15 21:37:00,"BE55","LeConte Bay","MOSAIC",483,79,NA,12,"Clarence Strait",2015-08-15
2002-08-10 19:07:00,"BF01","Tracy Arm","Oblique visual count",525,NA,NA,9,"Lynn Canal/Stephens Passage",2002-08-10
2002-08-15 21:39:00,"BF01","Tracy Arm","AeroMap",427,NA,NA,9,"Lynn Canal/Stephens Passage",2002-08-15
2002-08-16 21:16:00,"BF01","Tracy Arm","AeroMap",347,NA,NA,9,"Lynn Canal/Stephens Passage",2002-08-16
2007-08-19 20:29:00,"BF01","Tracy Arm","LATTE",533.691,NA,71.15562,9,"Lynn Canal/Stephens Passage",2007-08-19
2007-08-20 20:13:00,"BF01","Tracy Arm","LATTE",1222.633,NA,155.9301,9,"Lynn Canal/Stephens Passage",2007-08-20
2007-08-21 19:32:00,"BF01","Tracy Arm","LATTE",861.349,NA,135.9551,9,"Lynn Canal/Stephens Passage",2007-08-21
2008-08-13 20:35:00,"BF01","Tracy Arm","LATTE",427.631,NA,65.33536,9,"Lynn Canal/Stephens Passage",2008-08-13
2008-08-14 23:42:00,"BF01","Tracy Arm","LATTE",745.719,NA,178.106,9,"Lynn Canal/Stephens Passage",2008-08-14
2009-08-05 22:22:00,"BF01","Tracy Arm","LATTE",339.642,NA,84.89834,9,"Lynn Canal/Stephens Passage",2009-08-05
2009-08-07 00:54:00,"BF01","Tracy Arm","LATTE",830.433,NA,208.8687,9,"Lynn Canal/Stephens Passage",2009-08-06
2010-08-22 23:18:00,"BF01","Tracy Arm","MOSAIC",972,NA,NA,9,"Lynn Canal/Stephens Passage",2010-08-22
2011-07-29 00:19:00,"BF01","Tracy Arm","MOSAIC",984,NA,NA,9,"Lynn Canal/Stephens Passage",2011-07-28
2011-07-30 00:10:00,"BF01","Tracy Arm","MOSAIC",770,NA,NA,9,"Lynn Canal/Stephens Passage",2011-07-29
2013-08-15 23:19:00,"BF01","Tracy Arm","MOSAIC",801,NA,NA,9,"Lynn Canal/Stephens Passage",2013-08-15
2013-08-17 01:41:00,"BF01","Tracy Arm","MOSAIC",687,NA,NA,9,"Lynn Canal/Stephens Passage",2013-08-16
2015-08-14 00:26:00,"BF01","Tracy Arm","MOSAIC",640,NA,NA,9,"Lynn Canal/Stephens Passage",2015-08-13
2015-08-15 23:02:00,"BF01","Tracy Arm","MOSAIC",832,NA,NA,9,"Lynn Canal/Stephens Passage",2015-08-15
2007-08-13 16:26:02,"DF09","Margerie Glacier (Tarr Inlet)","Oblique visual count",0,NA,NA,8,"Glacier Bay/Icy Strait",2007-08-13
2007-08-15 17:31:18,"DF09","Margerie Glacier (Tarr Inlet)","Oblique visual count",14,NA,NA,8,"Glacier Bay/Icy Strait",2007-08-15
2008-07-31 16:13:52,"DF09","Margerie Glacier (Tarr Inlet)","Oblique visual count",0,NA,NA,8,"Glacier Bay/Icy Strait",2008-07-31
2008-08-04 18:43:32,"DF09","Margerie Glacier (Tarr Inlet)","Oblique visual count",1,NA,NA,8,"Glacier Bay/Icy Strait",2008-08-04
2008-08-05 19:39:13,"DF09","Margerie Glacier (Tarr Inlet)","Oblique visual count",4,NA,NA,8,"Glacier Bay/Icy Strait",2008-08-05
2008-08-07 19:50:40,"DF09","Margerie Glacier (Tarr Inlet)","Oblique visual count",1,NA,NA,8,"Glacier Bay/Icy Strait",2008-08-07
2009-08-05 16:45:41,"DF09","Margerie Glacier (Tarr Inlet)","Oblique visual count",1,NA,NA,8,"Glacier Bay/Icy Strait",2009-08-05
2009-08-06 17:24:51,"DF09","Margerie Glacier (Tarr Inlet)","Oblique visual count",0,NA,NA,8,"Glacier Bay/Icy Strait",2009-08-06
2009-08-18 16:37:10,"DF09","Margerie Glacier (Tarr Inlet)","Oblique visual count",0,NA,NA,8,"Glacier Bay/Icy Strait",2009-08-18
2009-08-19 16:25:50,"DF09","Margerie Glacier (Tarr Inlet)","Oblique visual count",5,NA,NA,8,"Glacier Bay/Icy Strait",2009-08-19
2011-08-14 16:53:53,"DF09","Margerie Glacier (Tarr Inlet)","Oblique visual count",0,NA,NA,8,"Glacier Bay/Icy Strait",2011-08-14
2012-08-01 17:29:15,"DF09","Margerie Glacier (Tarr Inlet)","Oblique visual count",0,NA,NA,8,"Glacier Bay/Icy Strait",2012-08-01
2012-08-16 16:31:14,"DF09","Margerie Glacier (Tarr Inlet)","Oblique visual count",0,NA,NA,8,"Glacier Bay/Icy Strait",2012-08-16
2013-08-11 19:28:50,"DF09","Margerie Glacier (Tarr Inlet)","Oblique visual count",0,NA,NA,8,"Glacier Bay/Icy Strait",2013-08-11
2013-08-12 21:33:20,"DF09","Margerie Glacier (Tarr Inlet)","Oblique visual count",0,NA,NA,8,"Glacier Bay/Icy Strait",2013-08-12
2014-08-22 16:55:49,"DF09","Margerie Glacier (Tarr Inlet)","Oblique visual count",0,NA,NA,8,"Glacier Bay/Icy Strait",2014-08-22
2017-08-08 18:40:00,"DF09","Margerie Glacier (Tarr Inlet)","Oblique visual count",0,NA,NA,8,"Glacier Bay/Icy Strait",2017-08-08
2017-08-10 19:15:07,"DF09","Margerie Glacier (Tarr Inlet)","Oblique visual count",0,NA,NA,8,"Glacier Bay/Icy Strait",2017-08-10
2001-08-15 22:55:00,"DF10","John Hopkins Inlet","AeroMap",1634,NA,NA,8,"Glacier Bay/Icy Strait",2001-08-15
2001-08-16 21:18:00,"DF10","John Hopkins Inlet","AeroMap",1254,NA,NA,8,"Glacier Bay/Icy Strait",2001-08-16
2002-08-15 20:30:00,"DF10","John Hopkins Inlet","AeroMap",1672,NA,NA,8,"Glacier Bay/Icy Strait",2002-08-15
2002-09-03 20:24:00,"DF10","John Hopkins Inlet","AeroMap",810,NA,NA,8,"Glacier Bay/Icy Strait",2002-09-03
2007-06-18 23:19:00,"DF10","John Hopkins Inlet","LATTE",3411.764,NA,211.3384,8,"Glacier Bay/Icy Strait",2007-06-18
2007-06-19 22:25:00,"DF10","John Hopkins Inlet","LATTE",4361.766,NA,395.5682,8,"Glacier Bay/Icy Strait",2007-06-19
2007-06-20 22:59:00,"DF10","John Hopkins Inlet","LATTE",2011.969,NA,116.139,8,"Glacier Bay/Icy Strait",2007-06-20
2007-06-21 22:27:00,"DF10","John Hopkins Inlet","LATTE",3187.424,NA,159.4896,8,"Glacier Bay/Icy Strait",2007-06-21
2007-08-13 22:34:00,"DF10","John Hopkins Inlet","LATTE",1075.884,NA,94.82767,8,"Glacier Bay/Icy Strait",2007-08-13
2007-08-15 22:30:00,"DF10","John Hopkins Inlet","LATTE",1687.107,NA,145.4256,8,"Glacier Bay/Icy Strait",2007-08-15
2007-08-17 21:51:00,"DF10","John Hopkins Inlet","LATTE",1541.413,NA,208.0914,8,"Glacier Bay/Icy Strait",2007-08-17
2007-08-22 23:07:00,"DF10","John Hopkins Inlet","LATTE",1617.442,NA,115.0504,8,"Glacier Bay/Icy Strait",2007-08-22
2008-06-25 23:22:00,"DF10","John Hopkins Inlet","LATTE",2119.693,NA,133.2563,8,"Glacier Bay/Icy Strait",2008-06-25
2008-06-29 22:34:00,"DF10","John Hopkins Inlet","LATTE",2139.257,NA,104.5439,8,"Glacier Bay/Icy Strait",2008-06-29
2008-07-10 21:24:00,"DF10","John Hopkins Inlet","LATTE",1566.114,NA,169.7209,8,"Glacier Bay/Icy Strait",2008-07-10
2008-08-11 21:50:00,"DF10","John Hopkins Inlet","LATTE",1675.302,NA,130.9061,8,"Glacier Bay/Icy Strait",2008-08-11
2008-08-15 22:47:00,"DF10","John Hopkins Inlet","LATTE",1693.03,NA,202.5615,8,"Glacier Bay/Icy Strait",2008-08-15
2008-08-17 23:20:00,"DF10","John Hopkins Inlet","LATTE",1764.735,NA,195.8855,8,"Glacier Bay/Icy Strait",2008-08-17
2009-06-20 21:55:00,"DF10","John Hopkins Inlet","LATTE",3245.514,NA,155.3403,8,"Glacier Bay/Icy Strait",2009-06-20
2009-06-21 22:03:00,"DF10","John Hopkins Inlet","LATTE",3066.098,NA,146.1493,8,"Glacier Bay/Icy Strait",2009-06-21
2009-06-23 23:06:00,"DF10","John Hopkins Inlet","LATTE",2747.925,NA,143.0748,8,"Glacier Bay/Icy Strait",2009-06-23
2009-08-10 22:28:00,"DF10","John Hopkins Inlet","LATTE",1930.493,NA,196.8,8,"Glacier Bay/Icy Strait",2009-08-10
2009-08-12 22:20:00,"DF10","John Hopkins Inlet","LATTE",1079.302,NA,76.07161,8,"Glacier Bay/Icy Strait",2009-08-12
2010-06-14 22:22:00,"DF10","John Hopkins Inlet","LATTE",4125.615,NA,279.7978,8,"Glacier Bay/Icy Strait",2010-06-14
2010-06-16 23:45:00,"DF10","John Hopkins Inlet","LATTE",3360.856,NA,169.3451,8,"Glacier Bay/Icy Strait",2010-06-16
2010-06-17 23:46:00,"DF10","John Hopkins Inlet","LATTE",2797.965,NA,255.1021,8,"Glacier Bay/Icy Strait",2010-06-17
2010-08-13 22:20:00,"DF10","John Hopkins Inlet","LATTE",1761.851,NA,131.7238,8,"Glacier Bay/Icy Strait",2010-08-13
2010-08-14 21:12:00,"DF10","John Hopkins Inlet","LATTE",1662.906,NA,106.8461,8,"Glacier Bay/Icy Strait",2010-08-14
2010-08-16 20:19:00,"DF10","John Hopkins Inlet","LATTE",1122.299,NA,84.46861,8,"Glacier Bay/Icy Strait",2010-08-16
2011-06-12 21:47:00,"DF10","John Hopkins Inlet","LATTE",2889.211,NA,117.402,8,"Glacier Bay/Icy Strait",2011-06-12
2011-06-13 21:14:00,"DF10","John Hopkins Inlet","LATTE",3363.336,NA,121.4999,8,"Glacier Bay/Icy Strait",2011-06-13
2011-06-21 22:09:00,"DF10","John Hopkins Inlet","LATTE",2892.447,NA,146.8278,8,"Glacier Bay/Icy Strait",2011-06-21
2011-06-22 21:19:00,"DF10","John Hopkins Inlet","LATTE",2734.188,NA,109.8339,8,"Glacier Bay/Icy Strait",2011-06-22
2011-08-08 20:14:00,"DF10","John Hopkins Inlet","LATTE",1523.671,NA,101.5411,8,"Glacier Bay/Icy Strait",2011-08-08
2011-08-25 21:19:00,"DF10","John Hopkins Inlet","LATTE",1162.703,NA,80.14833,8,"Glacier Bay/Icy Strait",2011-08-25
2012-06-12 20:30:00,"DF10","John Hopkins Inlet","LATTE",2075.268,NA,90.67405,8,"Glacier Bay/Icy Strait",2012-06-12
2012-06-13 21:36:00,"DF10","John Hopkins Inlet","LATTE",3240.462,NA,112.9556,8,"Glacier Bay/Icy Strait",2012-06-13
2012-06-20 23:40:00,"DF10","John Hopkins Inlet","LATTE",2151.281,NA,98.45703,8,"Glacier Bay/Icy Strait",2012-06-20
2012-06-23 23:16:00,"DF10","John Hopkins Inlet","LATTE",1671.694,NA,92.71741,8,"Glacier Bay/Icy Strait",2012-06-23
2012-08-10 22:54:00,"DF10","John Hopkins Inlet","LATTE",1953.658,NA,108.5306,8,"Glacier Bay/Icy Strait",2012-08-10
2012-08-14 20:30:00,"DF10","John Hopkins Inlet","LATTE",1963.105,NA,143.7477,8,"Glacier Bay/Icy Strait",2012-08-14
2012-08-16 00:17:00,"DF10","John Hopkins Inlet","LATTE",2005.517,NA,155.2601,8,"Glacier Bay/Icy Strait",2012-08-15
2012-08-16 23:28:00,"DF10","John Hopkins Inlet","LATTE",2020.998,NA,171.092,8,"Glacier Bay/Icy Strait",2012-08-16
2013-06-14 20:28:00,"DF10","John Hopkins Inlet","LATTE",3081.119,NA,135.0508,8,"Glacier Bay/Icy Strait",2013-06-14
2013-06-19 20:25:00,"DF10","John Hopkins Inlet","LATTE",2390.266,NA,119.8986,8,"Glacier Bay/Icy Strait",2013-06-19
2013-06-20 20:52:00,"DF10","John Hopkins Inlet","LATTE",2050.922,NA,118.0368,8,"Glacier Bay/Icy Strait",2013-06-20
2013-06-21 20:02:00,"DF10","John Hopkins Inlet","LATTE",2502.797,NA,126.897,8,"Glacier Bay/Icy Strait",2013-06-21
2013-08-13 20:25:00,"DF10","John Hopkins Inlet","LATTE",1581.853,NA,186.1719,8,"Glacier Bay/Icy Strait",2013-08-13
2013-08-14 22:06:00,"DF10","John Hopkins Inlet","LATTE",2278.553,NA,245.7481,8,"Glacier Bay/Icy Strait",2013-08-14
2013-08-15 21:53:00,"DF10","John Hopkins Inlet","LATTE",2192.351,NA,340.9813,8,"Glacier Bay/Icy Strait",2013-08-15
2013-08-20 21:09:00,"DF10","John Hopkins Inlet","LATTE",1705.359,NA,110.5765,8,"Glacier Bay/Icy Strait",2013-08-20
2014-06-19 20:12:00,"DF10","John Hopkins Inlet","LATTE",2629.52,NA,127.5771,8,"Glacier Bay/Icy Strait",2014-06-19
2014-06-27 00:02:00,"DF10","John Hopkins Inlet","LATTE",1805.173,NA,91.33272,8,"Glacier Bay/Icy Strait",2014-06-26
2014-06-27 19:50:00,"DF10","John Hopkins Inlet","LATTE",1785.108,NA,104.638,8,"Glacier Bay/Icy Strait",2014-06-27
2014-06-28 19:33:00,"DF10","John Hopkins Inlet","LATTE",1963.127,NA,94.99195,8,"Glacier Bay/Icy Strait",2014-06-28
2014-08-02 22:05:00,"DF10","John Hopkins Inlet","LATTE",1939.997,NA,261.5947,8,"Glacier Bay/Icy Strait",2014-08-02
2014-08-03 19:38:00,"DF10","John Hopkins Inlet","LATTE",2582.751,NA,206.1957,8,"Glacier Bay/Icy Strait",2014-08-03
2014-08-23 20:25:00,"DF10","John Hopkins Inlet","LATTE",1946.179,NA,108.4688,8,"Glacier Bay/Icy Strait",2014-08-23
2015-06-12 21:22:00,"DF10","John Hopkins Inlet","LATTE",2847.748,NA,114.2576,8,"Glacier Bay/Icy Strait",2015-06-12
2015-06-13 20:36:00,"DF10","John Hopkins Inlet","LATTE",2883.835,NA,140.0321,8,"Glacier Bay/Icy Strait",2015-06-13
2015-06-20 00:32:00,"DF10","John Hopkins Inlet","LATTE",1262.313,NA,135.3374,8,"Glacier Bay/Icy Strait",2015-06-19
2015-06-20 21:03:00,"DF10","John Hopkins Inlet","LATTE",2367.629,NA,116.8415,8,"Glacier Bay/Icy Strait",2015-06-20
2015-08-14 20:32:00,"DF10","John Hopkins Inlet","LATTE",1601.897,NA,241.4596,8,"Glacier Bay/Icy Strait",2015-08-14
2015-08-21 00:48:00,"DF10","John Hopkins Inlet","LATTE",1278.723,NA,194.0327,8,"Glacier Bay/Icy Strait",2015-08-20
2015-08-25 22:23:00,"DF10","John Hopkins Inlet","LATTE",912.096,NA,42.18095,8,"Glacier Bay/Icy Strait",2015-08-25
2015-08-26 21:21:00,"DF10","John Hopkins Inlet","LATTE",1689.999,NA,73.01904,8,"Glacier Bay/Icy Strait",2015-08-26
2016-06-14 20:31:00,"DF10","John Hopkins Inlet","LATTE",2538.759,NA,124.756,8,"Glacier Bay/Icy Strait",2016-06-14
2016-06-16 20:12:00,"DF10","John Hopkins Inlet","LATTE",1210.537,NA,98.34447,8,"Glacier Bay/Icy Strait",2016-06-16
2016-06-17 21:53:00,"DF10","John Hopkins Inlet","LATTE",1870.3,NA,112.9502,8,"Glacier Bay/Icy Strait",2016-06-17
2016-08-17 23:27:00,"DF10","John Hopkins Inlet","LATTE",1346.65,NA,51.29415,8,"Glacier Bay/Icy Strait",2016-08-17
2016-08-20 23:05:00,"DF10","John Hopkins Inlet","LATTE",1565.419,NA,90.63282,8,"Glacier Bay/Icy Strait",2016-08-20
2016-08-22 00:18:00,"DF10","John Hopkins Inlet","LATTE",1443.2,NA,130.3097,8,"Glacier Bay/Icy Strait",2016-08-21
2016-08-28 20:59:00,"DF10","John Hopkins Inlet","LATTE",544.824,NA,169.448,8,"Glacier Bay/Icy Strait",2016-08-28
2017-06-21 22:31:00,"DF10","John Hopkins Inlet","LATTE",1548.414,NA,74.556726,8,"Glacier Bay/Icy Strait",2017-06-21
2017-06-23 00:11:00,"DF10","John Hopkins Inlet","LATTE",1191.025,NA,77.758036,8,"Glacier Bay/Icy Strait",2017-06-22
2017-06-23 23:47:00,"DF10","John Hopkins Inlet","LATTE",1714.377,NA,135.282591,8,"Glacier Bay/Icy Strait",2017-06-23
2017-06-27 21:16:00,"DF10","John Hopkins Inlet","LATTE",1341.213,NA,120.722143,8,"Glacier Bay/Icy Strait",2017-06-27
2017-08-29 20:41:00,"DF10","John Hopkins Inlet","LATTE",1000.851,NA,29.196653,8,"Glacier Bay/Icy Strait",2017-08-29
2017-09-03 20:45:00,"DF10","John Hopkins Inlet","LATTE",1287.148,NA,137.822862,8,"Glacier Bay/Icy Strait",2017-09-03
2017-09-05 19:52:00,"DF10","John Hopkins Inlet","LATTE",354.383,NA,46.792569,8,"Glacier Bay/Icy Strait",2017-09-05
2007-08-12 16:10:24,"DF29","McBride Glacier","Oblique visual count",14,NA,NA,8,"Glacier Bay/Icy Strait",2007-08-12
2007-08-13 15:55:41,"DF29","McBride Glacier","Oblique visual count",66,NA,NA,8,"Glacier Bay/Icy Strait",2007-08-13
2007-08-14 16:17:34,"DF29","McBride Glacier","Oblique visual count",99,NA,NA,8,"Glacier Bay/Icy Strait",2007-08-14
2007-08-15 17:01:33,"DF29","McBride Glacier","Oblique visual count",95,NA,NA,8,"Glacier Bay/Icy Strait",2007-08-15
2007-08-16 17:22:37,"DF29","McBride Glacier","Oblique visual count",123,NA,NA,8,"Glacier Bay/Icy Strait",2007-08-16
2008-07-31 15:42:24,"DF29","McBride Glacier","Oblique visual count",18,NA,NA,8,"Glacier Bay/Icy Strait",2008-07-31
2008-08-04 18:03:14,"DF29","McBride Glacier","Oblique visual count",101,NA,NA,8,"Glacier Bay/Icy Strait",2008-08-04
2008-08-05 19:00:13,"DF29","McBride Glacier","Oblique visual count",136,NA,NA,8,"Glacier Bay/Icy Strait",2008-08-05
2008-08-06 20:36:33,"DF29","McBride Glacier","Oblique visual count",112,NA,NA,8,"Glacier Bay/Icy Strait",2008-08-06
2008-08-07 19:21:04,"DF29","McBride Glacier","Oblique visual count",153,NA,NA,8,"Glacier Bay/Icy Strait",2008-08-07
2009-08-05 15:53:50,"DF29","McBride Glacier","Oblique visual count",33,NA,NA,8,"Glacier Bay/Icy Strait",2009-08-05
2009-08-06 16:42:04,"DF29","McBride Glacier","Oblique visual count",96,NA,NA,8,"Glacier Bay/Icy Strait",2009-08-06
2009-08-18 15:59:01,"DF29","McBride Glacier","Oblique visual count",72,NA,NA,8,"Glacier Bay/Icy Strait",2009-08-18
2009-08-19 15:44:06,"DF29","McBride Glacier","Oblique visual count",166,NA,NA,8,"Glacier Bay/Icy Strait",2009-08-19
2009-08-20 16:29:50,"DF29","McBride Glacier","Oblique visual count",172,NA,NA,8,"Glacier Bay/Icy Strait",2009-08-20
2010-08-12 18:27:11,"DF29","McBride Glacier","Oblique visual count",58,NA,NA,8,"Glacier Bay/Icy Strait",2010-08-12
2010-08-13 18:23:09,"DF29","McBride Glacier","Oblique visual count",119,NA,NA,8,"Glacier Bay/Icy Strait",2010-08-13
2010-08-24 16:38:57,"DF29","McBride Glacier","Oblique visual count",130,NA,NA,8,"Glacier Bay/Icy Strait",2010-08-24
2011-08-01 17:48:43,"DF29","McBride Glacier","Oblique visual count",28,NA,NA,8,"Glacier Bay/Icy Strait",2011-08-01
2011-08-14 16:22:55,"DF29","McBride Glacier","Oblique visual count",118,NA,NA,8,"Glacier Bay/Icy Strait",2011-08-14
2012-08-01 16:46:22,"DF29","McBride Glacier","Oblique visual count",129,NA,NA,8,"Glacier Bay/Icy Strait",2012-08-01
2012-08-16 15:52:41,"DF29","McBride Glacier","Oblique visual count",154,NA,NA,8,"Glacier Bay/Icy Strait",2012-08-16
2012-08-19 16:51:03,"DF29","McBride Glacier","Oblique visual count",198,NA,NA,8,"Glacier Bay/Icy Strait",2012-08-19
2012-08-20 17:20:04,"DF29","McBride Glacier","Oblique visual count",212,NA,NA,8,"Glacier Bay/Icy Strait",2012-08-20
2013-08-07 17:09:00,"DF29","McBride Glacier","Oblique visual count",103,NA,NA,8,"Glacier Bay/Icy Strait",2013-08-07
2013-08-11 18:45:45,"DF29","McBride Glacier","Oblique visual count",221,NA,NA,8,"Glacier Bay/Icy Strait",2013-08-11
2013-08-12 20:39:02,"DF29","McBride Glacier","Oblique visual count",207,NA,NA,8,"Glacier Bay/Icy Strait",2013-08-12
2014-08-22 16:07:52,"DF29","McBride Glacier","Oblique visual count",146,NA,NA,8,"Glacier Bay/Icy Strait",2014-08-22
2016-08-21 19:50:00,"DF29","McBride Glacier","Oblique visual count",230,NA,NA,8,"Glacier Bay/Icy Strait",2016-08-21
2016-08-22 18:16:00,"DF29","McBride Glacier","Oblique visual count",179,NA,NA,8,"Glacier Bay/Icy Strait",2016-08-22
2016-09-01 17:42:00,"DF29","McBride Glacier","Oblique visual count",117,NA,NA,8,"Glacier Bay/Icy Strait",2016-09-01
2016-09-02 18:01:00,"DF29","McBride Glacier","Oblique visual count",184,NA,NA,8,"Glacier Bay/Icy Strait",2016-09-02
2017-08-08 17:54:00,"DF29","McBride Glacier","Oblique visual count",91,NA,NA,8,"Glacier Bay/Icy Strait",2017-08-08
2017-08-09 17:18:00,"DF29","McBride Glacier","Oblique visual count",109,NA,NA,8,"Glacier Bay/Icy Strait",2017-08-09
2017-08-10 17:38:00,"DF29","McBride Glacier","Oblique visual count",216,NA,NA,8,"Glacier Bay/Icy Strait",2017-08-10
2017-08-26 19:40:00,"DF29","McBride Glacier","Oblique visual count",51,NA,NA,8,"Glacier Bay/Icy Strait",2017-08-26
2001-08-16 20:02:00,"EF11","Disenchantment Bay","AeroMap",1295,NA,NA,6,"Prince William Sound",2001-08-16
2002-08-10 21:28:30,"EF11","Disenchantment Bay","Oblique visual count",548,NA,NA,6,"Prince William Sound",2002-08-10
2002-08-13 23:39:00,"EF11","Disenchantment Bay","Oblique visual count",325,NA,NA,6,"Prince William Sound",2002-08-13
2002-08-15 00:02:00,"EF11","Disenchantment Bay","AeroMap",1779,NA,NA,6,"Prince William Sound",2002-08-14
2002-08-17 00:23:00,"EF11","Disenchantment Bay","AeroMap",1729,NA,NA,6,"Prince William Sound",2002-08-16
2004-05-03 22:57:18,"EF11","Disenchantment Bay","LATTE",1109.409,NA,198.9762,6,"Prince William Sound",2004-05-03
2004-05-05 21:38:31,"EF11","Disenchantment Bay","LATTE",925.327,NA,258.4989,6,"Prince William Sound",2004-05-05
2004-05-07 21:36:03,"EF11","Disenchantment Bay","LATTE",1068.831,NA,149.429,6,"Prince William Sound",2004-05-07
2004-05-10 22:02:21,"EF11","Disenchantment Bay","LATTE",890.591,NA,152.3009,6,"Prince William Sound",2004-05-10
2004-05-11 21:32:00,"EF11","Disenchantment Bay","LATTE",1024.956,NA,275.1143,6,"Prince William Sound",2004-05-11
2004-05-12 20:19:00,"EF11","Disenchantment Bay","LATTE",724.597,NA,143.0885,6,"Prince William Sound",2004-05-12
2004-05-17 21:37:00,"EF11","Disenchantment Bay","LATTE",1002.846,NA,128.3155,6,"Prince William Sound",2004-05-17
2004-05-20 22:01:00,"EF11","Disenchantment Bay","LATTE",1148.762,NA,149.2175,6,"Prince William Sound",2004-05-20
2004-05-23 21:46:00,"EF11","Disenchantment Bay","LATTE",668.879,NA,101.8376,6,"Prince William Sound",2004-05-23
2004-05-31 21:36:00,"EF11","Disenchantment Bay","LATTE",883.574,NA,128.8507,6,"Prince William Sound",2004-05-31
2004-06-01 22:12:00,"EF11","Disenchantment Bay","LATTE",790.421,NA,123.2482,6,"Prince William Sound",2004-06-01
2004-06-03 21:50:00,"EF11","Disenchantment Bay","LATTE",1466.225,NA,172.5351,6,"Prince William Sound",2004-06-03
2004-06-15 22:07:00,"EF11","Disenchantment Bay","LATTE",1398.315,NA,207.687,6,"Prince William Sound",2004-06-15
2004-06-17 21:34:00,"EF11","Disenchantment Bay","LATTE",1807.429,NA,291.736,6,"Prince William Sound",2004-06-17
2004-06-21 21:22:00,"EF11","Disenchantment Bay","LATTE",1628.993,NA,255.8228,6,"Prince William Sound",2004-06-21
2004-06-22 19:31:00,"EF11","Disenchantment Bay","LATTE",1480.283,NA,150.1215,6,"Prince William Sound",2004-06-22
2004-06-27 21:22:00,"EF11","Disenchantment Bay","LATTE",482.624,NA,81.94819,6,"Prince William Sound",2004-06-27
2004-06-29 22:15:00,"EF11","Disenchantment Bay","LATTE",628.974,NA,231.8575,6,"Prince William Sound",2004-06-29
2004-07-05 22:06:00,"EF11","Disenchantment Bay","LATTE",1010.756,NA,244.1246,6,"Prince William Sound",2004-07-05
2004-07-06 21:32:00,"EF11","Disenchantment Bay","LATTE",913.388,NA,149.7941,6,"Prince William Sound",2004-07-06
2004-07-18 21:38:00,"EF11","Disenchantment Bay","LATTE",627.536,NA,100.4281,6,"Prince William Sound",2004-07-18
2004-07-19 22:28:00,"EF11","Disenchantment Bay","LATTE",1110.228,NA,264.659,6,"Prince William Sound",2004-07-19
2004-07-20 20:26:00,"EF11","Disenchantment Bay","LATTE",1615.551,NA,283.3744,6,"Prince William Sound",2004-07-20
2004-08-09 18:42:00,"EF11","Disenchantment Bay","AeroMap",715,NA,NA,6,"Prince William Sound",2004-08-09
2004-08-10 19:08:00,"EF11","Disenchantment Bay","AeroMap",825,NA,NA,6,"Prince William Sound",2004-08-10
2004-08-23 19:04:00,"EF11","Disenchantment Bay","AeroMap",538,NA,NA,6,"Prince William Sound",2004-08-23
2005-05-07 21:40:00,"EF11","Disenchantment Bay","LATTE",235.6,NA,38.23272,6,"Prince William Sound",2005-05-07
2005-05-09 21:02:00,"EF11","Disenchantment Bay","LATTE",407.104,NA,61.93165,6,"Prince William Sound",2005-05-09
2005-05-10 20:32:00,"EF11","Disenchantment Bay","LATTE",235.518,NA,32.16207,6,"Prince William Sound",2005-05-10
2005-05-16 21:12:00,"EF11","Disenchantment Bay","LATTE",623.142,NA,76.22477,6,"Prince William Sound",2005-05-16
2005-05-17 21:15:00,"EF11","Disenchantment Bay","LATTE",508.104,NA,156.5979,6,"Prince William Sound",2005-05-17
2005-05-22 21:48:00,"EF11","Disenchantment Bay","LATTE",356.689,NA,59.85991,6,"Prince William Sound",2005-05-22
2005-05-24 21:09:00,"EF11","Disenchantment Bay","LATTE",1264.376,NA,125.6046,6,"Prince William Sound",2005-05-24
2005-05-30 21:04:00,"EF11","Disenchantment Bay","LATTE",1704.215,NA,104.2455,6,"Prince William Sound",2005-05-30
2005-05-31 20:40:00,"EF11","Disenchantment Bay","LATTE",1372.495,NA,100.9018,6,"Prince William Sound",2005-05-31
2005-06-06 21:01:00,"EF11","Disenchantment Bay","LATTE",1598.359,NA,123.0574,6,"Prince William Sound",2005-06-06
2005-06-07 21:12:00,"EF11","Disenchantment Bay","LATTE",2294.637,NA,150.5734,6,"Prince William Sound",2005-06-07
2005-08-02 22:08:00,"EF11","Disenchantment Bay","LATTE",1113.486,NA,157.6108,6,"Prince William Sound",2005-08-02
2005-08-08 21:26:00,"EF11","Disenchantment Bay","LATTE",1524.346,NA,201.3268,6,"Prince William Sound",2005-08-08
2005-08-09 19:04:00,"EF11","Disenchantment Bay","AeroMap",423,NA,NA,6,"Prince William Sound",2005-08-09
2005-08-09 21:49:00,"EF11","Disenchantment Bay","LATTE",1380.331,NA,307.7498,6,"Prince William Sound",2005-08-09
2005-08-10 19:45:00,"EF11","Disenchantment Bay","AeroMap",386,NA,NA,6,"Prince William Sound",2005-08-10
2005-08-11 18:53:00,"EF11","Disenchantment Bay","LATTE",1336.304,NA,159.5455,6,"Prince William Sound",2005-08-11
2005-08-11 19:02:00,"EF11","Disenchantment Bay","AeroMap",290,NA,NA,6,"Prince William Sound",2005-08-11
2005-08-15 20:47:00,"EF11","Disenchantment Bay","LATTE",1107.482,NA,186.2632,6,"Prince William Sound",2005-08-15
2005-08-25 20:51:00,"EF11","Disenchantment Bay","LATTE",613.511,NA,55.19548,6,"Prince William Sound",2005-08-25
2005-08-27 19:41:00,"EF11","Disenchantment Bay","LATTE",1649.043,NA,171.0412,6,"Prince William Sound",2005-08-27
2005-08-29 21:18:00,"EF11","Disenchantment Bay","LATTE",1067.093,NA,154.2476,6,"Prince William Sound",2005-08-29
2005-08-30 22:15:00,"EF11","Disenchantment Bay","LATTE",403.878,NA,63.73391,6,"Prince William Sound",2005-08-30
2005-09-01 19:57:00,"EF11","Disenchantment Bay","LATTE",793.21,NA,61.04659,6,"Prince William Sound",2005-09-01
2005-09-02 20:14:00,"EF11","Disenchantment Bay","LATTE",1154.674,NA,248.5949,6,"Prince William Sound",2005-09-02
2006-08-23 23:12:00,"EF11","Disenchantment Bay","LATTE",1005.289,NA,81.31554,6,"Prince William Sound",2006-08-23
2006-08-26 21:56:00,"EF11","Disenchantment Bay","LATTE",789.349,NA,102.5987,6,"Prince William Sound",2006-08-26
2007-08-07 21:21:00,"EF11","Disenchantment Bay","LATTE",1256.782,NA,140.6082,6,"Prince William Sound",2007-08-07
2007-08-10 00:19:00,"EF11","Disenchantment Bay","LATTE",1408.812,NA,146.5082,6,"Prince William Sound",2007-08-09
2007-08-11 22:12:00,"EF11","Disenchantment Bay","LATTE",766.099,NA,117.5374,6,"Prince William Sound",2007-08-11
2008-08-07 22:03:00,"EF11","Disenchantment Bay","LATTE",712.164,NA,65.06,6,"Prince William Sound",2008-08-07
2008-08-09 22:26:00,"EF11","Disenchantment Bay","LATTE",1679.551,NA,111.8929,6,"Prince William Sound",2008-08-09
2009-08-10 23:51:00,"EF11","Disenchantment Bay","LATTE",1584.256,NA,110.2208,6,"Prince William Sound",2009-08-10
2010-08-16 23:12:00,"EF11","Disenchantment Bay","LATTE",909.466,NA,104.3303,6,"Prince William Sound",2010-08-16
2010-08-18 22:04:00,"EF11","Disenchantment Bay","LATTE",846.186,NA,219.0158,6,"Prince William Sound",2010-08-18
2011-08-04 23:07:00,"EF11","Disenchantment Bay","LATTE",1259.979,NA,68.47583,6,"Prince William Sound",2011-08-04
2011-08-06 21:55:00,"EF11","Disenchantment Bay","LATTE",1725.358,NA,113.4001,6,"Prince William Sound",2011-08-06
2013-08-10 00:53:00,"EF11","Disenchantment Bay","LATTE",1270.023,NA,63.30691,6,"Prince William Sound",2013-08-09
2013-08-11 23:44:00,"EF11","Disenchantment Bay","LATTE",1024.759,NA,89.94405,6,"Prince William Sound",2013-08-11
2015-08-09 00:11:00,"EF11","Disenchantment Bay","LATTE",2577.198,NA,239.031411,6,"Prince William Sound",2015-08-08
2020-09-04 23:17:00,"EF11","Disenchantment Bay","LATTE",71.113,NA,10.45999,6,"Prince William Sound",2020-09-04
2020-09-06 20:46:00,"EF11","Disenchantment Bay","LATTE",36.963,NA,7.546772,6,"Prince William Sound",2020-09-06
2021-08-29 23:01:00,"EF11","Disenchantment Bay","LATTE",311.157,NA,20.17278,6,"Prince William Sound",2021-08-29
2002-08-13 23:26:00,"EF15","Malaspina Glacier","Oblique visual count",29,NA,NA,6,"Prince William Sound",2002-08-13
2002-08-14 21:51:00,"EF15","Malaspina Glacier","Oblique visual count",51,NA,NA,6,"Prince William Sound",2002-08-14
2002-08-15 21:53:00,"EF15","Malaspina Glacier","Oblique visual count",54,NA,NA,6,"Prince William Sound",2002-08-15
2007-08-08 00:10:30,"EF15","Malaspina Glacier","Oblique visual count",19,NA,NA,6,"Prince William Sound",2007-08-08
2007-08-14 22:09:39,"EF15","Malaspina Glacier","Oblique visual count",33,NA,NA,6,"Prince William Sound",2007-08-14
2007-08-16 19:11:51,"EF15","Malaspina Glacier","Oblique visual count",44,NA,NA,6,"Prince William Sound",2007-08-16
2007-08-17 20:27:27,"EF15","Malaspina Glacier","Oblique visual count",45,NA,NA,6,"Prince William Sound",2007-08-17
2010-08-20 16:45:20,"EF15","Malaspina Glacier","Oblique visual count",8,NA,NA,6,"Prince William Sound",2010-08-20
2015-08-08 23:45:27,"EF15","Malaspina Glacier","Oblique visual count",130,NA,NA,6,"Prince William Sound",2015-08-08
2001-08-15 19:44:00,"FF01","Icy Bay","AeroMap",3720,NA,NA,6,"Prince William Sound",2001-08-15
2001-08-16 18:29:00,"FF01","Icy Bay","AeroMap",2385,NA,NA,6,"Prince William Sound",2001-08-16
2001-08-25 18:50:00,"FF01","Icy Bay","AeroMap",3911,NA,NA,6,"Prince William Sound",2001-08-25
2002-08-09 22:54:00,"FF01","Icy Bay","Oblique visual count",650,NA,NA,6,"Prince William Sound",2002-08-09
2002-08-13 22:42:00,"FF01","Icy Bay","Oblique visual count",250,NA,NA,6,"Prince William Sound",2002-08-13
2002-08-15 21:18:00,"FF01","Icy Bay","AeroMap",5428,NA,NA,6,"Prince William Sound",2002-08-15
2002-08-17 00:00:00,"FF01","Icy Bay","AeroMap",4565,NA,NA,6,"Prince William Sound",2002-08-16
2002-08-17 21:06:00,"FF01","Icy Bay","AeroMap",4581,NA,NA,6,"Prince William Sound",2002-08-17
2004-05-09 22:22:39,"FF01","Icy Bay","LATTE",1782.364,NA,205.0411,6,"Prince William Sound",2004-05-09
2004-05-14 22:51:00,"FF01","Icy Bay","LATTE",1657.68,NA,212.9171,6,"Prince William Sound",2004-05-14
2004-05-18 21:39:00,"FF01","Icy Bay","LATTE",3316.865,NA,254.1533,6,"Prince William Sound",2004-05-18
2004-05-27 21:55:00,"FF01","Icy Bay","LATTE",7968.831,NA,316.6166,6,"Prince William Sound",2004-05-27
2004-06-04 21:26:00,"FF01","Icy Bay","LATTE",11279.99,NA,423.775,6,"Prince William Sound",2004-06-04
2004-06-09 21:51:00,"FF01","Icy Bay","LATTE",10133.34,NA,450.3307,6,"Prince William Sound",2004-06-09
2004-06-16 22:02:00,"FF01","Icy Bay","LATTE",6943.742,NA,420.3986,6,"Prince William Sound",2004-06-16
2004-08-09 20:38:00,"FF01","Icy Bay","AeroMap",853,NA,NA,6,"Prince William Sound",2004-08-09
2004-08-10 20:27:00,"FF01","Icy Bay","AeroMap",1017,NA,NA,6,"Prince William Sound",2004-08-10
2004-08-23 20:31:00,"FF01","Icy Bay","AeroMap",2151,NA,NA,6,"Prince William Sound",2004-08-23
2005-05-08 22:09:00,"FF01","Icy Bay","LATTE",592.405,NA,73.48264,6,"Prince William Sound",2005-05-08
2005-05-12 21:25:00,"FF01","Icy Bay","LATTE",302.596,NA,25.0664,6,"Prince William Sound",2005-05-12
2005-05-15 21:08:00,"FF01","Icy Bay","LATTE",1805.529,NA,168.1508,6,"Prince William Sound",2005-05-15
2005-05-20 21:05:00,"FF01","Icy Bay","LATTE",2366.82,NA,136.7267,6,"Prince William Sound",2005-05-20
2005-05-25 21:06:00,"FF01","Icy Bay","LATTE",4950.789,NA,173.9969,6,"Prince William Sound",2005-05-25
2005-05-29 21:08:00,"FF01","Icy Bay","LATTE",7838.792,NA,270.1791,6,"Prince William Sound",2005-05-29
2005-06-03 21:34:00,"FF01","Icy Bay","LATTE",8436.601,NA,283.9772,6,"Prince William Sound",2005-06-03
2005-06-08 21:01:00,"FF01","Icy Bay","LATTE",6984.947,NA,284.153,6,"Prince William Sound",2005-06-08
2005-07-31 23:34:00,"FF01","Icy Bay","LATTE",2230.259,NA,786.0929,6,"Prince William Sound",2005-07-31
2005-08-05 21:33:00,"FF01","Icy Bay","LATTE",4662.008,NA,266.1206,6,"Prince William Sound",2005-08-05
2005-08-09 19:25:00,"FF01","Icy Bay","AeroMap",2661,NA,NA,6,"Prince William Sound",2005-08-09
2005-08-10 19:00:00,"FF01","Icy Bay","AeroMap",3096,NA,NA,6,"Prince William Sound",2005-08-10
2005-08-10 20:19:00,"FF01","Icy Bay","LATTE",4881.385,NA,272.454,6,"Prince William Sound",2005-08-10
2005-08-11 18:55:00,"FF01","Icy Bay","AeroMap",3098,NA,NA,6,"Prince William Sound",2005-08-11
2005-08-14 21:03:00,"FF01","Icy Bay","LATTE",4549.815,NA,399.3342,6,"Prince William Sound",2005-08-14
2005-08-19 22:07:00,"FF01","Icy Bay","LATTE",3617.909,NA,220.359,6,"Prince William Sound",2005-08-19
2005-08-23 19:24:00,"FF01","Icy Bay","LATTE",1905.402,NA,147.4148,6,"Prince William Sound",2005-08-23
2005-08-28 21:33:00,"FF01","Icy Bay","LATTE",4216.832,NA,445.3894,6,"Prince William Sound",2005-08-28
2006-08-17 21:00:00,"FF01","Icy Bay","LATTE",3869.043,NA,345.5947,6,"Prince William Sound",2006-08-17
2006-08-18 19:41:00,"FF01","Icy Bay","LATTE",3411.475,NA,240.8729,6,"Prince William Sound",2006-08-18
2007-08-08 21:45:00,"FF01","Icy Bay","LATTE",4377.272,NA,427.3619,6,"Prince William Sound",2007-08-08
2007-08-08 22:17:13,"FF01","Icy Bay","Oblique visual count",0,NA,NA,6,"Prince William Sound",2007-08-08
2007-08-10 21:08:00,"FF01","Icy Bay","LATTE",5203.704,NA,363.6665,6,"Prince William Sound",2007-08-10
2007-08-12 20:57:00,"FF01","Icy Bay","LATTE",4960.389,NA,510.0397,6,"Prince William Sound",2007-08-12
2008-08-11 20:18:00,"FF01","Icy Bay","LATTE",4054.648,NA,337.9892,6,"Prince William Sound",2008-08-11
2009-08-12 22:15:00,"FF01","Icy Bay","LATTE",5751.52,NA,357.3964,6,"Prince William Sound",2009-08-12
2010-08-16 21:06:00,"FF01","Icy Bay","LATTE",5137.234,NA,288.5292,6,"Prince William Sound",2010-08-16
2010-08-18 19:57:00,"FF01","Icy Bay","LATTE",3601.588,NA,131.9863,6,"Prince William Sound",2010-08-18
2011-08-03 22:00:00,"FF01","Icy Bay","LATTE",5427.792,NA,148.7338,6,"Prince William Sound",2011-08-03
2013-08-09 22:40:00,"FF01","Icy Bay","LATTE",5508.333,NA,193.6045,6,"Prince William Sound",2013-08-09
2013-08-11 21:53:00,"FF01","Icy Bay","LATTE",6252.522,NA,249.7363,6,"Prince William Sound",2013-08-11
2015-08-08 22:11:00,"FF01","Icy Bay","LATTE",6415.153,NA,153.721525,6,"Prince William Sound",2015-08-08
2020-09-02 00:18:00,"FF01","Icy Bay","LATTE",1874.9,NA,185.6611,6,"Prince William Sound",2020-09-01
2020-09-04 21:25:00,"FF01","Icy Bay","LATTE",1718.685,NA,90.60198,6,"Prince William Sound",2020-09-04
2021-08-29 21:15:00,"FF01","Icy Bay","LATTE",2883.334,NA,108.4895,6,"Prince William Sound",2021-08-29
2021-08-31 22:22:00,"FF01","Icy Bay","LATTE",2589.628,NA,131.2139,6,"Prince William Sound",2021-08-31
2002-08-09 21:55:00,"FF06","Bering Glacier","Oblique visual count",580,NA,NA,6,"Prince William Sound",2002-08-09
2002-08-10 19:54:00,"FF06","Bering Glacier","Oblique visual count",313,NA,NA,6,"Prince William Sound",2002-08-10
2002-08-13 21:44:00,"FF06","Bering Glacier","Oblique visual count",525,NA,NA,6,"Prince William Sound",2002-08-13
2002-08-14 23:00:00,"FF06","Bering Glacier","Oblique visual count",665,NA,NA,6,"Prince William Sound",2002-08-14
2002-08-26 21:53:00,"FF06","Bering Glacier","AeroMap",420,NA,NA,6,"Prince William Sound",2002-08-26
2002-09-02 19:48:00,"FF06","Bering Glacier","AeroMap",535,NA,NA,6,"Prince William Sound",2002-09-02
2002-09-04 22:12:00,"FF06","Bering Glacier","AeroMap",270,NA,NA,6,"Prince William Sound",2002-09-04
2006-08-07 21:40:57,"FF06","Bering Glacier","Oblique visual count",561,NA,NA,6,"Prince William Sound",2006-08-07
2007-08-11 16:05:12,"FF06","Bering Glacier","Oblique visual count",289,NA,NA,6,"Prince William Sound",2007-08-11
2007-08-14 21:00:31,"FF06","Bering Glacier","Oblique visual count",375,NA,NA,6,"Prince William Sound",2007-08-14
2007-08-16 18:09:16,"FF06","Bering Glacier","Oblique visual count",337,NA,NA,6,"Prince William Sound",2007-08-16
2007-08-17 19:25:32,"FF06","Bering Glacier","Oblique visual count",315,NA,NA,6,"Prince William Sound",2007-08-17
2008-08-08 22:29:42,"FF06","Bering Glacier","Oblique visual count",702,NA,NA,6,"Prince William Sound",2008-08-08
2009-08-19 16:53:04,"FF06","Bering Glacier","Oblique visual count",137,NA,NA,6,"Prince William Sound",2009-08-19
2009-08-23 23:28:22,"FF06","Bering Glacier","Oblique visual count",478,NA,NA,6,"Prince William Sound",2009-08-23
2010-08-14 20:55:57,"FF06","Bering Glacier","Oblique visual count",605,NA,NA,6,"Prince William Sound",2010-08-14
2011-08-07 22:54:30,"FF06","Bering Glacier","Oblique visual count",140,NA,NA,6,"Prince William Sound",2011-08-07
2015-08-04 23:17:25,"FF06","Bering Glacier","Oblique visual count",585,NA,NA,6,"Prince William Sound",2015-08-04
2001-08-19 01:58:00,"HF07","Nellie Juan Glacier ","Oblique visual count",1,NA,NA,6,"Prince William Sound",2001-08-19
2001-08-22 17:14:00,"HF07","Nellie Juan Glacier ","Oblique visual count",15,NA,NA,6,"Prince William Sound",2001-08-22
2001-08-23 18:18:00,"HF07","Nellie Juan Glacier ","Oblique visual count",13,NA,NA,6,"Prince William Sound",2001-08-23
2001-08-24 18:46:00,"HF07","Nellie Juan Glacier ","Oblique visual count",15,NA,NA,6,"Prince William Sound",2001-08-24
2001-08-25 20:18:30,"HF07","Nellie Juan Glacier ","Oblique visual count",5,NA,NA,6,"Prince William Sound",2001-08-25
2006-08-08 03:59:38,"HF07","Nellie Juan Glacier ","Oblique visual count",0,NA,NA,6,"Prince William Sound",2006-08-08
2006-08-09 16:17:05,"HF07","Nellie Juan Glacier ","Oblique visual count",4,NA,NA,6,"Prince William Sound",2006-08-09
2006-08-14 19:47:29,"HF07","Nellie Juan Glacier ","Oblique visual count",8,NA,NA,6,"Prince William Sound",2006-08-14
2008-08-07 21:17:02,"HF07","Nellie Juan Glacier ","Oblique visual count",0,NA,NA,6,"Prince William Sound",2008-08-07
2011-08-16 21:41:47,"HF07","Nellie Juan Glacier ","Oblique visual count",10,NA,NA,6,"Prince William Sound",2011-08-16
2013-08-02 22:03:00,"HF07","Nellie Juan Glacier ","Visual estimate",0,0,NA,6,"Prince William Sound",2013-08-02
2015-08-02 01:32:00,"HF07","Nellie Juan Glacier ","MOSAIC",31,NA,NA,6,"Prince William Sound",2015-08-01
2015-08-05 22:43:00,"HF07","Nellie Juan Glacier ","MOSAIC",31,NA,NA,6,"Prince William Sound",2015-08-05
2001-08-21 17:32:00,"HF63","Excelsior Glacier","Oblique visual count",50,NA,NA,6,"Prince William Sound",2001-08-21
2001-08-22 18:23:00,"HF63","Excelsior Glacier","Oblique visual count",31,NA,NA,6,"Prince William Sound",2001-08-22
2001-08-23 19:41:00,"HF63","Excelsior Glacier","Oblique visual count",37,NA,NA,6,"Prince William Sound",2001-08-23
2001-08-24 19:59:00,"HF63","Excelsior Glacier","Oblique visual count",37,NA,NA,6,"Prince William Sound",2001-08-24
2001-08-25 21:23:00,"HF63","Excelsior Glacier","Oblique visual count",18,NA,NA,6,"Prince William Sound",2001-08-25
2006-08-08 15:57:46,"HF63","Excelsior Glacier","Oblique visual count",2,NA,NA,6,"Prince William Sound",2006-08-08
2006-08-09 17:48:44,"HF63","Excelsior Glacier","Oblique visual count",82,NA,NA,6,"Prince William Sound",2006-08-09
2006-08-17 23:17:26,"HF63","Excelsior Glacier","Oblique visual count",89,NA,NA,6,"Prince William Sound",2006-08-17
2008-08-03 23:05:01,"HF63","Excelsior Glacier","Oblique visual count",109,NA,NA,6,"Prince William Sound",2008-08-03
2009-08-12 20:00:08,"HF63","Excelsior Glacier","Oblique visual count",123,NA,NA,6,"Prince William Sound",2009-08-12
2011-08-16 20:57:33,"HF63","Excelsior Glacier","Oblique visual count",163,NA,NA,6,"Prince William Sound",2011-08-16
2015-07-28 01:30:00,"HF63","Excelsior Glacier","MOSAIC",410,NA,NA,6,"Prince William Sound",2015-07-27
2001-08-21 21:25:00,"HF64","Chenega Glacier","AeroMap",383,NA,NA,6,"Prince William Sound",2001-08-21
2001-08-22 21:24:00,"HF64","Chenega Glacier","AeroMap",486,NA,NA,6,"Prince William Sound",2001-08-22
2001-09-06 18:59:00,"HF64","Chenega Glacier","AeroMap",282,NA,NA,6,"Prince William Sound",2001-09-06
2006-08-06 22:35:00,"HF64","Chenega Glacier","LATTE",1075.195,NA,150.063,6,"Prince William Sound",2006-08-06
2006-08-17 22:16:05,"HF64","Chenega Glacier","Oblique visual count",782,NA,NA,6,"Prince William Sound",2006-08-17
2009-08-12 20:36:12,"HF64","Chenega Glacier","Oblique visual count",881,NA,NA,6,"Prince William Sound",2009-08-12
2011-08-16 21:26:11,"HF64","Chenega Glacier","Oblique visual count",1213,NA,NA,6,"Prince William Sound",2011-08-16
2013-08-02 22:32:00,"HF64","Chenega Glacier","MOSAIC",1416,NA,NA,6,"Prince William Sound",2013-08-02
2013-08-02 23:19:00,"HF64","Chenega Glacier","LATTE",1394.889,NA,103.6095,6,"Prince William Sound",2013-08-02
2015-08-02 01:45:00,"HF64","Chenega Glacier","MOSAIC",661,NA,NA,6,"Prince William Sound",2015-08-01
2015-08-05 22:15:00,"HF64","Chenega Glacier","MOSAIC",1399,NA,NA,6,"Prince William Sound",2015-08-05
2001-08-21 21:23:00,"HF65","Tiger Glacier","AeroMap",0,NA,NA,6,"Prince William Sound",2001-08-21
2001-08-22 21:17:00,"HF65","Tiger Glacier","AeroMap",0,NA,NA,6,"Prince William Sound",2001-08-22
2001-09-06 19:25:00,"HF65","Tiger Glacier","AeroMap",4,NA,NA,6,"Prince William Sound",2001-09-06
2008-08-07 21:56:18,"HF65","Tiger Glacier","Oblique visual count",25,NA,NA,6,"Prince William Sound",2008-08-07
2009-08-12 20:24:04,"HF65","Tiger Glacier","Oblique visual count",0,NA,NA,6,"Prince William Sound",2009-08-12
2015-08-02 01:54:00,"HF65","Tiger Glacier","MOSAIC",0,NA,NA,6,"Prince William Sound",2015-08-01
2001-08-17 17:34:00,"HG11","Columbia Glacier","Oblique visual count",7,NA,NA,6,"Prince William Sound",2001-08-17
2002-08-14 00:04:00,"HG11","Columbia Glacier","AeroMap",735,NA,NA,6,"Prince William Sound",2002-08-13
2002-08-14 21:34:00,"HG11","Columbia Glacier","AeroMap",678,NA,NA,6,"Prince William Sound",2002-08-14
2002-08-16 20:24:00,"HG11","Columbia Glacier","AeroMap",499,NA,NA,6,"Prince William Sound",2002-08-16
2006-08-07 21:46:00,"HG11","Columbia Glacier","LATTE",1270.575,NA,134.4166,6,"Prince William Sound",2006-08-07
2006-08-08 22:00:00,"HG11","Columbia Glacier","LATTE",1221.863,NA,132.5377,6,"Prince William Sound",2006-08-08
2006-08-10 23:16:00,"HG11","Columbia Glacier","LATTE",716.512,NA,126.1814,6,"Prince William Sound",2006-08-10
2006-08-11 01:34:00,"HG11","Columbia Glacier","Oblique visual count",0,NA,NA,6,"Prince William Sound",2006-08-11
2009-08-19 22:56:00,"HG11","Columbia Glacier","LATTE",1222.151,NA,102.713,6,"Prince William Sound",2009-08-19
2009-08-21 00:04:00,"HG11","Columbia Glacier","LATTE",1449.703,NA,156.219,6,"Prince William Sound",2009-08-20
2010-08-13 23:39:00,"HG11","Columbia Glacier","LATTE",515.965,NA,25.146,6,"Prince William Sound",2010-08-13
2010-08-15 19:03:00,"HG11","Columbia Glacier","LATTE",1796.961,NA,61.28771,6,"Prince William Sound",2010-08-15
2013-08-01 22:10:00,"HG11","Columbia Glacier","LATTE",2009.12,NA,139.0396,6,"Prince William Sound",2013-08-01
2013-08-07 22:29:00,"HG11","Columbia Glacier","LATTE",1639.836,NA,146.7948,6,"Prince William Sound",2013-08-07
2015-08-06 22:20:00,"HG11","Columbia Glacier","LATTE",2761.425,NA,228.785,6,"Prince William Sound",2015-08-06
2020-09-09 22:48:00,"HG11","Columbia Glacier","LATTE",883.979,NA,48.62983,6,"Prince William Sound",2020-09-09
2020-09-10 20:52:00,"HG11","Columbia Glacier","LATTE",765.913,NA,44.46122,6,"Prince William Sound",2020-09-10
2001-08-21 19:28:00,"HG16","Meares Glacier","AeroMap",221,NA,NA,6,"Prince William Sound",2001-08-21
2001-08-22 19:36:00,"HG16","Meares Glacier","AeroMap",159,NA,NA,6,"Prince William Sound",2001-08-22
2001-08-23 18:29:00,"HG16","Meares Glacier","Oblique visual count",20,NA,NA,6,"Prince William Sound",2001-08-23
2001-08-24 20:01:00,"HG16","Meares Glacier","Oblique visual count",65,NA,NA,6,"Prince William Sound",2001-08-24
2001-08-25 20:56:00,"HG16","Meares Glacier","AeroMap",113,NA,NA,6,"Prince William Sound",2001-08-25
2006-08-14 18:33:17,"HG16","Meares Glacier","Oblique visual count",58,NA,NA,6,"Prince William Sound",2006-08-14
2008-08-07 18:57:40,"HG16","Meares Glacier","Oblique visual count",346,NA,NA,6,"Prince William Sound",2008-08-07
2009-08-20 17:29:01,"HG16","Meares Glacier","Oblique visual count",272,NA,NA,6,"Prince William Sound",2009-08-20
2010-08-03 00:46:28,"HG16","Meares Glacier","Oblique visual count",86,NA,NA,6,"Prince William Sound",2010-08-03
2010-08-08 16:13:20,"HG16","Meares Glacier","Oblique visual count",100,NA,NA,6,"Prince William Sound",2010-08-08
2013-08-01 23:43:00,"HG16","Meares Glacier","MOSAIC",359,NA,NA,6,"Prince William Sound",2013-08-01
2015-07-29 01:16:00,"HG16","Meares Glacier","MOSAIC",117,NA,NA,6,"Prince William Sound",2015-07-28
2015-08-01 22:41:00,"HG16","Meares Glacier","MOSAIC",417,20,NA,6,"Prince William Sound",2015-08-01
2001-08-21 19:59:00,"HG26","Harvard Glacier","AeroMap",75,NA,NA,6,"Prince William Sound",2001-08-21
2001-08-22 20:01:00,"HG26","Harvard Glacier","AeroMap",19,NA,NA,6,"Prince William Sound",2001-08-22
2001-08-23 19:21:00,"HG26","Harvard Glacier","Oblique visual count",42,NA,NA,6,"Prince William Sound",2001-08-23
2001-08-25 20:09:00,"HG26","Harvard Glacier","Oblique visual count",40,NA,NA,6,"Prince William Sound",2001-08-25
2001-08-25 21:23:00,"HG26","Harvard Glacier","AeroMap",116,NA,NA,6,"Prince William Sound",2001-08-25
2006-08-05 21:01:00,"HG26","Harvard Glacier","LATTE",310.643,NA,31.0789,6,"Prince William Sound",2006-08-05
2006-08-09 17:36:32,"HG26","Harvard Glacier","Oblique visual count",0,NA,NA,6,"Prince William Sound",2006-08-09
2008-08-02 00:29:00,"HG26","Harvard Glacier","LATTE",546.914,NA,64.57551,6,"Prince William Sound",2008-08-01
2008-08-07 19:48:15,"HG26","Harvard Glacier","Oblique visual count",130,NA,NA,6,"Prince William Sound",2008-08-07
2009-08-20 17:11:23,"HG26","Harvard Glacier","Oblique visual count",7,NA,NA,6,"Prince William Sound",2009-08-20
2010-08-03 01:23:17,"HG26","Harvard Glacier","Oblique visual count",38,NA,NA,6,"Prince William Sound",2010-08-03
2010-08-08 15:46:14,"HG26","Harvard Glacier","Oblique visual count",0,NA,NA,6,"Prince William Sound",2010-08-08
2011-08-11 22:20:00,"HG26","Harvard Glacier","MOSAIC",189,NA,NA,6,"Prince William Sound",2011-08-11
2013-08-02 00:56:00,"HG26","Harvard Glacier","LATTE",264.863,NA,22.32925,6,"Prince William Sound",2013-08-01
2013-08-08 01:31:00,"HG26","Harvard Glacier","MOSAIC",116,NA,NA,6,"Prince William Sound",2013-08-07
2015-07-29 01:54:00,"HG26","Harvard Glacier","LATTE",99.907,NA,10.496813,6,"Prince William Sound",2015-07-28
2015-08-02 00:00:00,"HG26","Harvard Glacier","LATTE",53.444,NA,4.302806,6,"Prince William Sound",2015-08-01
2006-08-08 02:11:47,"HG32","Blackstone Glacier","Oblique visual count",0,NA,NA,6,"Prince William Sound",2006-08-08
2008-08-07 20:57:40,"HG32","Blackstone Glacier","Oblique visual count",0,NA,NA,6,"Prince William Sound",2008-08-07
2011-08-16 22:07:40,"HG32","Blackstone Glacier","Oblique visual count",0,NA,NA,6,"Prince William Sound",2011-08-16
2013-08-08 00:09:00,"HG32","Blackstone Glacier","Visual estimate",0,0,NA,6,"Prince William Sound",2013-08-07
2015-08-02 01:09:00,"HG32","Blackstone Glacier","MOSAIC",1,NA,NA,6,"Prince William Sound",2015-08-01
2001-08-21 20:33:00,"HG44","Barry Arm","AeroMap",0,NA,NA,6,"Prince William Sound",2001-08-21
2001-08-22 20:45:00,"HG44","Barry Arm","AeroMap",34,NA,NA,6,"Prince William Sound",2001-08-22
2001-08-25 21:57:00,"HG44","Barry Arm","AeroMap",39,NA,NA,6,"Prince William Sound",2001-08-25
2006-08-09 17:09:30,"HG44","Barry Arm","Oblique visual count",0,NA,NA,6,"Prince William Sound",2006-08-09
2006-08-10 01:13:00,"HG44","Barry Arm","Oblique visual count",0,NA,NA,6,"Prince William Sound",2006-08-10
2009-08-20 16:47:40,"HG44","Barry Arm","Oblique visual count",0,NA,NA,6,"Prince William Sound",2009-08-20
2010-08-03 02:05:30,"HG44","Barry Arm","Oblique visual count",336,NA,NA,6,"Prince William Sound",2010-08-03
2010-08-15 22:36:00,"HG44","Barry Arm","MOSAIC",348,NA,NA,6,"Prince William Sound",2010-08-15
2011-08-11 22:26:00,"HG44","Barry Arm","MOSAIC",488,NA,NA,6,"Prince William Sound",2011-08-11
2013-08-02 20:40:00,"HG44","Barry Arm","MOSAIC",258,NA,NA,6,"Prince William Sound",2013-08-02
2015-08-02 00:31:00,"HG44","Barry Arm","MOSAIC",61,NA,NA,6,"Prince William Sound",2015-08-01
2015-08-05 23:23:00,"HG44","Barry Arm","MOSAIC",63,NA,NA,6,"Prince William Sound",2015-08-05
2001-08-21 21:08:00,"HG45","Harriman Glacier","AeroMap",0,NA,NA,6,"Prince William Sound",2001-08-21
2001-08-25 22:15:00,"HG45","Harriman Glacier","AeroMap",0,NA,NA,6,"Prince William Sound",2001-08-25
2006-08-09 16:50:56,"HG45","Harriman Glacier","Oblique visual count",0,NA,NA,6,"Prince William Sound",2006-08-09
2008-08-07 20:12:50,"HG45","Harriman Glacier","Oblique visual count",0,NA,NA,6,"Prince William Sound",2008-08-07
2009-08-20 16:56:01,"HG45","Harriman Glacier","Oblique visual count",0,NA,NA,6,"Prince William Sound",2009-08-20
2010-08-03 01:47:29,"HG45","Harriman Glacier","Oblique visual count",0,NA,NA,6,"Prince William Sound",2010-08-03
2013-08-02 21:30:00,"HG45","Harriman Glacier","Visual estimate",0,0,NA,6,"Prince William Sound",2013-08-02
2015-08-02 00:49:00,"HG45","Harriman Glacier","MOSAIC",1,NA,NA,6,"Prince William Sound",2015-08-01
2001-08-21 20:48:00,"HG46","Surprise Glacier","AeroMap",64,NA,NA,6,"Prince William Sound",2001-08-21
2001-08-22 20:36:00,"HG46","Surprise Glacier","AeroMap",28,NA,NA,6,"Prince William Sound",2001-08-22
2001-08-25 22:11:00,"HG46","Surprise Glacier","AeroMap",81,NA,NA,6,"Prince William Sound",2001-08-25
2006-08-09 16:59:46,"HG46","Surprise Glacier","Oblique visual count",0,NA,NA,6,"Prince William Sound",2006-08-09
2008-08-07 20:18:37,"HG46","Surprise Glacier","Oblique visual count",110,NA,NA,6,"Prince William Sound",2008-08-07
2009-08-20 16:52:27,"HG46","Surprise Glacier","Oblique visual count",46,NA,NA,6,"Prince William Sound",2009-08-20
2010-08-03 01:50:19,"HG46","Surprise Glacier","Oblique visual count",42,NA,NA,6,"Prince William Sound",2010-08-03
2010-08-15 22:14:00,"HG46","Surprise Glacier","MOSAIC",239,NA,NA,6,"Prince William Sound",2010-08-15
2013-08-02 21:09:00,"HG46","Surprise Glacier","MOSAIC",223,NA,NA,6,"Prince William Sound",2013-08-02
2015-08-02 00:42:00,"HG46","Surprise Glacier","MOSAIC",162,NA,NA,6,"Prince William Sound",2015-08-01
2015-08-05 23:34:00,"HG46","Surprise Glacier","MOSAIC",383,NA,NA,6,"Prince William Sound",2015-08-05
2001-08-21 19:47:00,"HG47","Yale Glacier","AeroMap",193,NA,NA,6,"Prince William Sound",2001-08-21
2001-08-22 19:50:00,"HG47","Yale Glacier","AeroMap",252,NA,NA,6,"Prince William Sound",2001-08-22
2001-08-23 19:15:00,"HG47","Yale Glacier","Oblique visual count",110,NA,NA,6,"Prince William Sound",2001-08-23
2001-08-25 20:00:00,"HG47","Yale Glacier","Oblique visual count",68,NA,NA,6,"Prince William Sound",2001-08-25
2001-08-25 21:11:00,"HG47","Yale Glacier","AeroMap",113,NA,NA,6,"Prince William Sound",2001-08-25
2006-08-05 21:58:00,"HG47","Yale Glacier","LATTE",306.999,NA,62.55447,6,"Prince William Sound",2006-08-05
2006-08-09 17:47:39,"HG47","Yale Glacier","Oblique visual count",3,NA,NA,6,"Prince William Sound",2006-08-09
2006-08-09 21:18:00,"HG47","Yale Glacier","LATTE",39.253,NA,8.609176,6,"Prince William Sound",2006-08-09
2008-08-02 01:23:00,"HG47","Yale Glacier","LATTE",244.709,NA,31.85179,6,"Prince William Sound",2008-08-01
2008-08-07 19:20:32,"HG47","Yale Glacier","Oblique visual count",214,NA,NA,6,"Prince William Sound",2008-08-07
2009-08-20 17:17:38,"HG47","Yale Glacier","Oblique visual count",129,NA,NA,6,"Prince William Sound",2009-08-20
2010-08-03 01:06:39,"HG47","Yale Glacier","Oblique visual count",302,NA,NA,6,"Prince William Sound",2010-08-03
2010-08-08 15:52:14,"HG47","Yale Glacier","Oblique visual count",350,NA,NA,6,"Prince William Sound",2010-08-08
2010-08-15 20:54:00,"HG47","Yale Glacier","LATTE",748.39,NA,38.9886,6,"Prince William Sound",2010-08-15
2011-08-11 21:55:00,"HG47","Yale Glacier","MOSAIC",592,NA,NA,6,"Prince William Sound",2011-08-11
2013-08-02 00:30:00,"HG47","Yale Glacier","MOSAIC",596,9,NA,6,"Prince William Sound",2013-08-01
2013-08-02 00:43:00,"HG47","Yale Glacier","LATTE",625.921,NA,53.33855,6,"Prince William Sound",2013-08-01
2013-08-08 01:16:00,"HG47","Yale Glacier","MOSAIC",883,15,NA,6,"Prince William Sound",2013-08-07
2015-08-01 23:19:00,"HG47","Yale Glacier","MOSAIC",996,NA,NA,6,"Prince William Sound",2015-08-01
2015-08-01 23:30:00,"HG47","Yale Glacier","LATTE",1537.382,NA,131.620801,6,"Prince William Sound",2015-08-01
2001-08-17 01:03:00,"IF01","Bear Lake","Oblique visual count",3,NA,NA,6,"Prince William Sound",2001-08-17
2001-08-21 17:06:00,"IF01","Bear Lake","Oblique visual count",1,NA,NA,6,"Prince William Sound",2001-08-21
2001-08-22 16:55:00,"IF01","Bear Lake","Oblique visual count",0,NA,NA,6,"Prince William Sound",2001-08-22
2001-08-23 18:57:00,"IF01","Bear Lake","Oblique visual count",26,NA,NA,6,"Prince William Sound",2001-08-23
2001-08-24 20:32:00,"IF01","Bear Lake","Oblique visual count",9,NA,NA,6,"Prince William Sound",2001-08-24
2001-08-25 20:37:00,"IF01","Bear Lake","Oblique visual count",24,NA,NA,6,"Prince William Sound",2001-08-25
2001-09-06 22:44:00,"IF01","Bear Lake","AeroMap",0,NA,NA,6,"Prince William Sound",2001-09-06
2001-09-08 19:38:00,"IF01","Bear Lake","AeroMap",0,NA,NA,6,"Prince William Sound",2001-09-08
2001-09-10 19:21:00,"IF01","Bear Lake","AeroMap",0,NA,NA,6,"Prince William Sound",2001-09-10
2006-08-10 17:30:17,"IF01","Bear Lake","Oblique visual count",22,NA,NA,6,"Prince William Sound",2006-08-10
2006-08-18 00:26:05,"IF01","Bear Lake","Oblique visual count",0,NA,NA,6,"Prince William Sound",2006-08-18
2008-07-30 18:02:31,"IF01","Bear Lake","Oblique visual count",19,NA,NA,6,"Prince William Sound",2008-07-30
2008-08-03 22:22:25,"IF01","Bear Lake","Oblique visual count",22,NA,NA,6,"Prince William Sound",2008-08-03
2009-08-12 19:16:39,"IF01","Bear Lake","Oblique visual count",46,NA,NA,6,"Prince William Sound",2009-08-12
2011-08-15 19:32:22,"IF01","Bear Lake","Oblique visual count",60,NA,NA,6,"Prince William Sound",2011-08-15
2015-07-28 23:25:19,"IF01","Bear Lake","Oblique visual count",111,NA,NA,6,"Prince William Sound",2015-07-28
2015-08-03 01:32:17,"IF01","Bear Lake","Oblique visual count",70,NA,NA,6,"Prince William Sound",2015-08-03
2001-08-19 17:51:00,"IF05","Pedersen Lake","Oblique visual count",166,NA,NA,6,"Prince William Sound",2001-08-19
2001-08-21 17:25:30,"IF05","Pedersen Lake","Oblique visual count",126,NA,NA,6,"Prince William Sound",2001-08-21
2001-08-22 17:11:00,"IF05","Pedersen Lake","Oblique visual count",162,NA,NA,6,"Prince William Sound",2001-08-22
2001-08-23 19:17:30,"IF05","Pedersen Lake","Oblique visual count",182,NA,NA,6,"Prince William Sound",2001-08-23
2001-08-25 20:47:30,"IF05","Pedersen Lake","Oblique visual count",217,NA,NA,6,"Prince William Sound",2001-08-25
2006-08-10 16:30:42,"IF05","Pedersen Lake","Oblique visual count",134,NA,NA,6,"Prince William Sound",2006-08-10
2008-07-30 17:40:08,"IF05","Pedersen Lake","Oblique visual count",308,NA,NA,6,"Prince William Sound",2008-07-30
2008-08-03 21:51:51,"IF05","Pedersen Lake","Oblique visual count",441,NA,NA,6,"Prince William Sound",2008-08-03
2009-08-12 18:57:25,"IF05","Pedersen Lake","Oblique visual count",272,NA,NA,6,"Prince William Sound",2009-08-12
2011-08-15 19:02:46,"IF05","Pedersen Lake","Oblique visual count",405,NA,NA,6,"Prince William Sound",2011-08-15
2015-07-27 23:43:00,"IF05","Pedersen Lake","MOSAIC",651,NA,NA,6,"Prince William Sound",2015-07-27
2015-07-27 23:56:00,"IF05","Pedersen Lake","MOSAIC",694,NA,NA,6,"Prince William Sound",2015-07-27
2015-08-03 00:59:00,"IF05","Pedersen Lake","MOSAIC",294,NA,NA,6,"Prince William Sound",2015-08-02
2006-08-10 16:54:25,"IF06","Holgate Glacier","Oblique visual count",0,NA,NA,6,"Prince William Sound",2006-08-10
2008-08-03 21:45:37,"IF06","Holgate Glacier","Oblique visual count",0,NA,NA,6,"Prince William Sound",2008-08-03
2009-08-12 18:51:09,"IF06","Holgate Glacier","Oblique visual count",0,NA,NA,6,"Prince William Sound",2009-08-12
2015-07-27 23:18:00,"IF06","Holgate Glacier","MOSAIC",5,NA,NA,6,"Prince William Sound",2015-07-27
2015-08-03 00:51:00,"IF06","Holgate Glacier","MOSAIC",0,NA,NA,6,"Prince William Sound",2015-08-02
2006-08-13 18:51:38,"IF10","Northwestern Fjord","Oblique visual count",168,NA,NA,6,"Prince William Sound",2006-08-13
2009-08-12 18:34:21,"IF10","Northwestern Fjord","Oblique visual count",44,NA,NA,6,"Prince William Sound",2009-08-12
2013-08-09 01:37:00,"IF10","Northwestern Fjord","MOSAIC",564,50,NA,6,"Prince William Sound",2013-08-08
2015-07-27 22:58:00,"IF10","Northwestern Fjord","MOSAIC",85,NA,NA,6,"Prince William Sound",2015-07-27
2015-08-03 00:26:00,"IF10","Northwestern Fjord","MOSAIC",214,NA,NA,6,"Prince William Sound",2015-08-02
2001-08-20 18:06:00,"IF16","McCarty Glacier","Oblique visual count",110,NA,NA,6,"Prince William Sound",2001-08-20
2001-08-21 18:09:00,"IF16","McCarty Glacier","Oblique visual count",357,NA,NA,6,"Prince William Sound",2001-08-21
2001-08-22 17:38:30,"IF16","McCarty Glacier","Oblique visual count",354,NA,NA,6,"Prince William Sound",2001-08-22
2001-08-23 19:57:00,"IF16","McCarty Glacier","Oblique visual count",108,NA,NA,6,"Prince William Sound",2001-08-23
2001-08-24 21:10:00,"IF16","McCarty Glacier","Oblique visual count",272,NA,NA,6,"Prince William Sound",2001-08-24
2001-08-25 21:08:00,"IF16","McCarty Glacier","Oblique visual count",179,NA,NA,6,"Prince William Sound",2001-08-25
2001-09-06 20:51:00,"IF16","McCarty Glacier","AeroMap",0,NA,NA,6,"Prince William Sound",2001-09-06
2001-09-08 23:27:00,"IF16","McCarty Glacier","AeroMap",76,NA,NA,6,"Prince William Sound",2001-09-08
2001-09-10 20:21:00,"IF16","McCarty Glacier","AeroMap",164,NA,NA,6,"Prince William Sound",2001-09-10
2006-08-09 15:20:14,"IF16","McCarty Glacier","Oblique visual count",110,NA,NA,6,"Prince William Sound",2006-08-09
2006-08-13 19:57:42,"IF16","McCarty Glacier","Oblique visual count",244,NA,NA,6,"Prince William Sound",2006-08-13
2008-07-30 17:02:36,"IF16","McCarty Glacier","Oblique visual count",54,NA,NA,6,"Prince William Sound",2008-07-30
2008-08-03 20:57:30,"IF16","McCarty Glacier","Oblique visual count",232,NA,NA,6,"Prince William Sound",2008-08-03
2009-08-12 18:06:10,"IF16","McCarty Glacier","Oblique visual count",195,NA,NA,6,"Prince William Sound",2009-08-12
2010-07-29 19:16:13,"IF16","McCarty Glacier","Oblique visual count",184,NA,NA,6,"Prince William Sound",2010-07-29
2011-08-15 18:22:32,"IF16","McCarty Glacier","Oblique visual count",20,NA,NA,6,"Prince William Sound",2011-08-15
2013-08-09 01:06:00,"IF16","McCarty Glacier","MOSAIC",292,10,NA,6,"Prince William Sound",2013-08-08
2015-07-27 22:22:00,"IF16","McCarty Glacier","MOSAIC",307,NA,NA,6,"Prince William Sound",2015-07-27
2015-08-03 00:09:00,"IF16","McCarty Glacier","MOSAIC",392,NA,NA,6,"Prince William Sound",2015-08-02
2006-08-10 16:19:58,"IF45","Aialik Glacier","Oblique visual count",83,NA,NA,6,"Prince William Sound",2006-08-10
2008-07-30 17:44:18,"IF45","Aialik Glacier","Oblique visual count",188,NA,NA,6,"Prince William Sound",2008-07-30
2008-08-03 21:58:27,"IF45","Aialik Glacier","Oblique visual count",105,NA,NA,6,"Prince William Sound",2008-08-03
2009-08-12 19:04:18,"IF45","Aialik Glacier","Oblique visual count",25,NA,NA,6,"Prince William Sound",2009-08-12
2011-08-15 19:14:49,"IF45","Aialik Glacier","Oblique visual count",73,NA,NA,6,"Prince William Sound",2011-08-15
2015-07-28 00:00:00,"IF45","Aialik Glacier","MOSAIC",115,NA,NA,6,"Prince William Sound",2015-07-27
2015-07-28 00:09:00,"IF45","Aialik Glacier","MOSAIC",110,NA,NA,6,"Prince William Sound",2015-07-27
2015-08-03 01:06:00,"IF45","Aialik Glacier","MOSAIC",221,NA,NA,6,"Prince William Sound",2015-08-02
